time	temp
14/03/2013 00:00	19.3327
14/03/2013 00:15	19.238
14/03/2013 00:30	19.0933
14/03/2013 00:45	18.962
14/03/2013 01:00	18.8533
14/03/2013 01:15	18.7267
14/03/2013 01:30	18.6073
14/03/2013 01:45	18.5007
14/03/2013 02:00	18.36
14/03/2013 02:15	18.2387
14/03/2013 02:30	18.09
14/03/2013 02:45	17.9553
14/03/2013 03:00	17.8333
14/03/2013 03:15	17.7047
14/03/2013 03:30	17.5733
14/03/2013 03:45	17.4713
14/03/2013 04:00	17.3667
14/03/2013 04:15	17.268
14/03/2013 04:30	17.126
14/03/2013 04:45	16.9933
14/03/2013 05:00	16.904
14/03/2013 05:15	16.83
14/03/2013 05:30	16.7333
14/03/2013 05:45	16.61
14/03/2013 06:00	16.504
14/03/2013 06:15	16.3927
14/03/2013 06:30	16.282
14/03/2013 06:45	16.178
14/03/2013 07:00	16.1087
14/03/2013 07:15	16.0233
14/03/2013 07:30	15.99
14/03/2013 07:45	15.96
14/03/2013 08:00	15.97
14/03/2013 08:15	15.9967
14/03/2013 08:30	16.038
14/03/2013 08:45	16.1227
14/03/2013 09:00	16.246
14/03/2013 09:15	16.4007
14/03/2013 09:30	16.6693
14/03/2013 09:45	16.9007
14/03/2013 10:00	17.1213
14/03/2013 10:15	17.3767
14/03/2013 10:30	17.7033
14/03/2013 10:45	18.096
14/03/2013 11:00	18.4513
14/03/2013 11:15	18.76
14/03/2013 11:30	19.122
14/03/2013 11:45	19.546
14/03/2013 12:00	20.0367
14/03/2013 12:15	20.4673
14/03/2013 12:30	20.832
14/03/2013 12:45	21.216
14/03/2013 13:00	21.6253
14/03/2013 13:15	21.8947
14/03/2013 13:30	22.1773
14/03/2013 13:45	22.3373
14/03/2013 14:00	22.4733
14/03/2013 14:15	22.612
14/03/2013 14:30	22.7813
14/03/2013 14:45	22.912
14/03/2013 15:00	22.992
14/03/2013 15:15	23.088
14/03/2013 15:30	23.148
14/03/2013 15:45	23.164
14/03/2013 16:00	23.132
14/03/2013 16:15	23.128
14/03/2013 16:30	23.0627
14/03/2013 16:45	22.996
14/03/2013 17:00	22.9333
14/03/2013 17:15	22.8213
14/03/2013 17:30	22.716
14/03/2013 17:45	22.5893
14/03/2013 18:00	22.484
14/03/2013 18:15	22.3813
14/03/2013 18:30	22.2627
14/03/2013 18:45	22.156
14/03/2013 19:00	22.044
14/03/2013 19:15	21.92
14/03/2013 19:30	21.82
14/03/2013 19:45	21.6973
14/03/2013 20:00	21.5627
14/03/2013 20:15	21.4453
14/03/2013 20:30	21.304
14/03/2013 20:45	21.18
14/03/2013 21:00	21.04
14/03/2013 21:15	20.8987
14/03/2013 21:30	20.7747
14/03/2013 21:45	20.652
14/03/2013 22:00	20.532
14/03/2013 22:15	20.4067
14/03/2013 22:30	20.264
14/03/2013 22:45	20.136
14/03/2013 23:00	20.0227
14/03/2013 23:15	19.866
14/03/2013 23:30	19.7607
14/03/2013 23:45	19.8147
15/03/2013 00:00	19.8147
15/03/2013 00:15	19.7553
15/03/2013 00:30	19.6867
15/03/2013 00:45	19.5833
15/03/2013 01:00	19.482
15/03/2013 01:15	19.3353
15/03/2013 01:30	19.2267
15/03/2013 01:45	19.1367
15/03/2013 02:00	19.05
15/03/2013 02:15	18.9727
15/03/2013 02:30	18.8867
15/03/2013 02:45	18.8027
15/03/2013 03:00	18.7287
15/03/2013 03:15	18.6713
15/03/2013 03:30	18.6047
15/03/2013 03:45	18.5513
15/03/2013 04:00	18.5067
15/03/2013 04:15	18.4533
15/03/2013 04:30	18.4007
15/03/2013 04:45	18.3567
15/03/2013 05:00	18.33
15/03/2013 05:15	18.2827
15/03/2013 05:30	18.2267
15/03/2013 05:45	18.1393
15/03/2013 06:00	18.068
15/03/2013 06:15	18.0233
15/03/2013 06:30	17.956
15/03/2013 06:45	17.8847
15/03/2013 07:00	17.83
15/03/2013 07:15	17.7513
15/03/2013 07:30	17.7287
15/03/2013 07:45	17.7133
15/03/2013 08:00	17.7133
15/03/2013 08:15	17.708
15/03/2013 08:30	17.596
15/03/2013 08:45	17.5847
15/03/2013 09:00	17.622
15/03/2013 09:15	17.704
15/03/2013 09:30	17.82
15/03/2013 09:45	17.918
15/03/2013 10:00	18.0507
15/03/2013 10:15	18.222
15/03/2013 10:30	18.3893
15/03/2013 10:45	18.58
15/03/2013 11:00	18.7587
15/03/2013 11:15	18.962
15/03/2013 11:30	19.164
15/03/2013 11:45	19.378
15/03/2013 12:00	19.59
15/03/2013 12:15	19.7993
15/03/2013 12:30	19.9867
15/03/2013 12:45	20.1427
15/03/2013 13:00	20.324
15/03/2013 13:15	20.5067
15/03/2013 13:30	20.6693
15/03/2013 13:45	20.836
15/03/2013 14:00	20.972
15/03/2013 14:15	21.0907
15/03/2013 14:30	21.232
15/03/2013 14:45	21.3573
15/03/2013 15:00	21.44
15/03/2013 15:15	21.508
15/03/2013 15:30	21.5493
15/03/2013 15:45	21.5587
15/03/2013 16:00	21.584
15/03/2013 16:15	21.5627
15/03/2013 16:30	21.544
15/03/2013 16:45	21.508
15/03/2013 17:00	21.436
15/03/2013 17:15	21.3613
15/03/2013 17:30	21.2613
15/03/2013 17:45	21.164
15/03/2013 18:00	21.0627
15/03/2013 18:15	20.9653
15/03/2013 18:30	20.844
15/03/2013 18:45	20.7307
15/03/2013 19:00	20.62
15/03/2013 19:15	20.512
15/03/2013 19:30	20.3933
15/03/2013 19:45	20.278
15/03/2013 20:00	20.172
15/03/2013 20:15	20.0567
15/03/2013 20:30	19.9253
15/03/2013 20:45	19.812
15/03/2013 21:00	19.692
15/03/2013 21:15	19.5873
15/03/2013 21:30	19.46
15/03/2013 21:45	19.342
15/03/2013 22:00	19.2353
15/03/2013 22:15	19.1
15/03/2013 22:30	18.9687
15/03/2013 22:45	18.8733
15/03/2013 23:00	18.7487
15/03/2013 23:15	18.6267
15/03/2013 23:30	18.5293
15/03/2013 23:45	18.4027
16/03/2013 00:00	18.2813
16/03/2013 00:15	18.1533
16/03/2013 00:30	18.0213
16/03/2013 00:45	17.8933
16/03/2013 01:00	17.7953
16/03/2013 01:15	17.67
16/03/2013 01:30	17.5487
16/03/2013 01:45	17.4327
16/03/2013 02:00	17.3387
16/03/2013 02:15	17.1967
16/03/2013 02:30	17.072
16/03/2013 02:45	16.9487
16/03/2013 03:00	16.8467
16/03/2013 03:15	16.726
16/03/2013 03:30	16.5987
16/03/2013 03:45	16.4673
16/03/2013 04:00	16.3527
16/03/2013 04:15	16.214
16/03/2013 04:30	16.1107
16/03/2013 04:45	16
16/03/2013 05:00	15.862
16/03/2013 05:15	15.756
16/03/2013 05:30	15.6367
16/03/2013 05:45	15.5093
16/03/2013 06:00	15.392
16/03/2013 06:15	15.294
16/03/2013 06:30	15.19
16/03/2013 06:45	15.0973
16/03/2013 07:00	15
16/03/2013 07:15	14.916
16/03/2013 07:30	14.8547
16/03/2013 07:45	14.8233
16/03/2013 08:00	14.83
16/03/2013 08:15	14.8587
16/03/2013 08:30	14.9367
16/03/2013 08:45	15.0327
16/03/2013 09:00	15.1393
16/03/2013 09:15	15.2927
16/03/2013 09:30	15.464
16/03/2013 09:45	15.6707
16/03/2013 10:00	15.9227
16/03/2013 10:15	16.1753
16/03/2013 10:30	16.424
16/03/2013 10:45	16.724
16/03/2013 11:00	16.9613
16/03/2013 11:15	17.2313
16/03/2013 11:30	17.484
16/03/2013 11:45	17.7447
16/03/2013 12:00	18.0153
16/03/2013 12:15	18.292
16/03/2013 12:30	18.546
16/03/2013 12:45	18.7927
16/03/2013 13:00	18.9967
16/03/2013 13:15	19.23
16/03/2013 13:30	19.4493
16/03/2013 13:45	19.6587
16/03/2013 14:00	19.8467
16/03/2013 14:15	20.0373
16/03/2013 14:30	20.2107
16/03/2013 14:45	20.3667
16/03/2013 15:00	20.5007
16/03/2013 15:15	20.612
16/03/2013 15:30	20.7027
16/03/2013 15:45	20.7467
16/03/2013 16:00	20.7973
16/03/2013 16:15	20.804
16/03/2013 16:30	20.808
16/03/2013 16:45	20.7547
16/03/2013 17:00	20.7147
16/03/2013 17:15	20.6627
16/03/2013 17:30	20.5747
16/03/2013 17:45	20.5133
16/03/2013 18:00	20.43
16/03/2013 18:15	20.3293
16/03/2013 18:30	20.2373
16/03/2013 18:45	20.166
16/03/2013 19:00	20.0807
16/03/2013 19:15	19.9993
16/03/2013 19:30	19.9007
16/03/2013 19:45	19.8167
16/03/2013 20:00	19.732
16/03/2013 20:15	19.6387
16/03/2013 20:30	19.554
16/03/2013 20:45	19.4633
16/03/2013 21:00	19.35
16/03/2013 21:15	19.2593
16/03/2013 21:30	19.162
16/03/2013 21:45	19.046
16/03/2013 22:00	18.954
16/03/2013 22:15	18.8467
16/03/2013 22:30	18.7407
16/03/2013 22:45	18.6447
16/03/2013 23:00	18.5533
16/03/2013 23:15	18.4487
16/03/2013 23:30	18.336
16/03/2013 23:45	18.2307
17/03/2013 00:00	18.1367
17/03/2013 00:15	18.0273
17/03/2013 00:30	17.912
17/03/2013 00:45	17.8267
17/03/2013 01:00	17.73
17/03/2013 01:15	17.6147
17/03/2013 01:30	17.522
17/03/2013 01:45	17.4207
17/03/2013 02:00	17.3353
17/03/2013 02:15	17.2207
17/03/2013 02:30	17.1087
17/03/2013 02:45	17.0033
17/03/2013 03:00	16.9047
17/03/2013 03:15	16.8193
17/03/2013 03:30	16.7153
17/03/2013 03:45	16.5953
17/03/2013 04:00	16.4847
17/03/2013 04:15	16.3653
17/03/2013 04:30	16.2653
17/03/2013 04:45	16.1733
17/03/2013 05:00	16.0647
17/03/2013 05:15	15.962
17/03/2013 05:30	15.8787
17/03/2013 05:45	15.78
17/03/2013 06:00	15.6987
17/03/2013 06:15	15.6027
17/03/2013 06:30	15.5007
17/03/2013 06:45	15.43
17/03/2013 07:00	15.3713
17/03/2013 07:15	15.3433
17/03/2013 07:30	15.3007
17/03/2013 07:45	15.2947
17/03/2013 08:00	15.3207
17/03/2013 08:15	15.3673
17/03/2013 08:30	15.4533
17/03/2013 08:45	15.5667
17/03/2013 09:00	15.7193
17/03/2013 09:15	15.912
17/03/2013 09:30	16.1507
17/03/2013 09:45	16.404
17/03/2013 10:00	16.7087
17/03/2013 10:15	17.0047
17/03/2013 10:30	17.3027
17/03/2013 10:45	17.6147
17/03/2013 11:00	17.9253
17/03/2013 11:15	18.2773
17/03/2013 11:30	18.634
17/03/2013 11:45	18.9313
17/03/2013 12:00	19.278
17/03/2013 12:15	19.6307
17/03/2013 12:30	19.9507
17/03/2013 12:45	20.2887
17/03/2013 13:00	20.5953
17/03/2013 13:15	20.8707
17/03/2013 13:30	21.1547
17/03/2013 13:45	21.4453
17/03/2013 14:00	21.7227
17/03/2013 14:15	21.984
17/03/2013 14:30	22.2307
17/03/2013 14:45	22.44
17/03/2013 15:00	22.6267
17/03/2013 15:15	22.8093
17/03/2013 15:30	22.96
17/03/2013 15:45	23.088
17/03/2013 16:00	23.168
17/03/2013 16:15	23.2293
17/03/2013 16:30	23.2533
17/03/2013 16:45	23.292
17/03/2013 17:00	23.2853
17/03/2013 17:15	23.2373
17/03/2013 17:30	23.232
17/03/2013 17:45	23.2107
17/03/2013 18:00	23.168
17/03/2013 18:15	23.124
17/03/2013 18:30	23.0693
17/03/2013 18:45	23.008
17/03/2013 19:00	22.9413
17/03/2013 19:15	22.88
17/03/2013 19:30	22.8147
17/03/2013 19:45	22.7533
17/03/2013 20:00	22.6707
17/03/2013 20:15	22.5813
17/03/2013 20:30	22.5013
17/03/2013 20:45	22.4107
17/03/2013 21:00	22.296
17/03/2013 21:15	22.2107
17/03/2013 21:30	22.1053
17/03/2013 21:45	22.0293
17/03/2013 22:00	21.916
17/03/2013 22:15	21.828
17/03/2013 22:30	21.7053
17/03/2013 22:45	21.5867
17/03/2013 23:00	21.468
17/03/2013 23:15	21.3507
17/03/2013 23:30	21.232
17/03/2013 23:45	21.1067
18/03/2013 00:00	20.996
18/03/2013 00:15	20.8947
18/03/2013 00:30	20.776
18/03/2013 00:45	20.6987
18/03/2013 01:00	20.592
18/03/2013 01:15	20.5147
18/03/2013 01:30	20.4233
18/03/2013 01:45	20.3433
18/03/2013 02:00	20.2673
18/03/2013 02:15	20.1793
18/03/2013 02:30	20.096
18/03/2013 02:45	20.0233
18/03/2013 03:00	19.9293
18/03/2013 03:15	19.852
18/03/2013 03:30	19.7693
18/03/2013 03:45	19.6713
18/03/2013 04:00	19.5687
18/03/2013 04:15	19.4567
18/03/2013 04:30	19.3667
18/03/2013 04:45	19.2673
18/03/2013 05:00	19.1653
18/03/2013 05:15	19.0533
18/03/2013 05:30	18.9553
18/03/2013 05:45	18.87
18/03/2013 06:00	18.77
18/03/2013 06:15	18.664
18/03/2013 06:30	18.566
18/03/2013 06:45	18.4827
18/03/2013 07:00	18.3767
18/03/2013 07:15	18.322
18/03/2013 07:30	18.278
18/03/2013 07:45	18.2513
18/03/2013 08:00	18.282
18/03/2013 08:15	18.3193
18/03/2013 08:30	18.3867
18/03/2013 08:45	18.518
18/03/2013 09:00	18.6427
18/03/2013 09:15	18.8013
18/03/2013 09:30	18.9927
18/03/2013 09:45	19.196
18/03/2013 10:00	19.4273
18/03/2013 10:15	19.668
18/03/2013 10:30	19.9133
18/03/2013 10:45	20.1853
18/03/2013 11:00	20.4393
18/03/2013 11:15	20.7053
18/03/2013 11:30	20.968
18/03/2013 11:45	21.2427
18/03/2013 12:00	21.5107
18/03/2013 12:15	21.8027
18/03/2013 12:30	22.04
18/03/2013 12:45	22.284
18/03/2013 13:00	22.5053
18/03/2013 13:15	22.7253
18/03/2013 13:30	22.952
18/03/2013 13:45	23.1547
18/03/2013 14:00	23.3453
18/03/2013 14:15	23.4933
18/03/2013 14:30	23.6413
18/03/2013 14:45	23.788
18/03/2013 15:00	23.9027
18/03/2013 15:15	24.016
18/03/2013 15:30	24.0733
18/03/2013 15:45	24.128
18/03/2013 16:00	24.192
18/03/2013 16:15	24.192
18/03/2013 16:30	24.184
18/03/2013 16:45	24.128
18/03/2013 17:00	24.076
18/03/2013 17:15	24.008
18/03/2013 17:30	23.9293
18/03/2013 17:45	23.8427
18/03/2013 18:00	23.7573
18/03/2013 18:15	23.6547
18/03/2013 18:30	23.548
18/03/2013 18:45	23.444
18/03/2013 19:00	23.3667
18/03/2013 19:15	23.284
18/03/2013 19:30	23.1987
18/03/2013 19:45	23.0933
18/03/2013 20:00	22.992
18/03/2013 20:15	22.9067
18/03/2013 20:30	22.8147
18/03/2013 20:45	22.7213
18/03/2013 21:00	22.6093
18/03/2013 21:15	22.508
18/03/2013 21:30	22.4013
18/03/2013 21:45	22.2853
18/03/2013 22:00	22.1987
18/03/2013 22:15	22.0827
18/03/2013 22:30	21.976
18/03/2013 22:45	21.8653
18/03/2013 23:00	21.7493
18/03/2013 23:15	21.6267
18/03/2013 23:30	21.4827
18/03/2013 23:45	21.3667
19/03/2013 00:00	21.24
19/03/2013 00:15	21.0907
19/03/2013 00:30	20.968
19/03/2013 00:45	20.836
19/03/2013 01:00	20.72
19/03/2013 01:15	20.6053
19/03/2013 01:30	20.4853
19/03/2013 01:45	20.356
19/03/2013 02:00	20.228
19/03/2013 02:15	20.104
19/03/2013 02:30	19.9833
19/03/2013 02:45	19.8527
19/03/2013 03:00	19.7167
19/03/2013 03:15	19.5907
19/03/2013 03:30	19.456
19/03/2013 03:45	19.3327
19/03/2013 04:00	19.2033
19/03/2013 04:15	19.0613
19/03/2013 04:30	18.9253
19/03/2013 04:45	18.8093
19/03/2013 05:00	18.6687
19/03/2013 05:15	18.5507
19/03/2013 05:30	18.4133
19/03/2013 05:45	18.2613
19/03/2013 06:00	18.1113
19/03/2013 06:15	17.9547
19/03/2013 06:30	17.8193
19/03/2013 06:45	17.694
19/03/2013 07:00	17.5847
19/03/2013 07:15	17.4973
19/03/2013 07:30	17.428
19/03/2013 07:45	17.378
19/03/2013 08:00	17.3533
19/03/2013 08:15	17.3233
19/03/2013 08:30	17.3433
19/03/2013 08:45	17.3807
19/03/2013 09:00	17.4253
19/03/2013 09:15	17.4513
19/03/2013 09:30	17.476
19/03/2013 09:45	17.5593
19/03/2013 10:00	17.6953
19/03/2013 10:15	17.894
19/03/2013 10:30	18.138
19/03/2013 10:45	18.37
19/03/2013 11:00	18.628
19/03/2013 11:15	18.8673
19/03/2013 11:30	19.0773
19/03/2013 11:45	19.2573
19/03/2013 12:00	19.46
19/03/2013 12:15	19.674
19/03/2013 12:30	19.8773
19/03/2013 12:45	20.0227
19/03/2013 13:00	20.1547
19/03/2013 13:15	20.3027
19/03/2013 13:30	20.47
19/03/2013 13:45	20.612
19/03/2013 14:00	20.752
19/03/2013 14:15	20.8893
19/03/2013 14:30	21.0227
19/03/2013 14:45	21.144
19/03/2013 15:00	21.2653
19/03/2013 15:15	21.3613
19/03/2013 15:30	21.428
19/03/2013 15:45	21.4253
19/03/2013 16:00	21.4013
19/03/2013 16:15	21.3987
19/03/2013 16:30	21.3773
19/03/2013 16:45	21.328
19/03/2013 17:00	21.232
19/03/2013 17:15	21.1373
19/03/2013 17:30	21.0493
19/03/2013 17:45	20.9453
19/03/2013 18:00	20.8373
19/03/2013 18:15	20.7253
19/03/2013 18:30	20.624
19/03/2013 18:45	20.5253
19/03/2013 19:00	20.41
19/03/2013 19:15	20.2747
19/03/2013 19:30	20.162
19/03/2013 19:45	20.05
19/03/2013 20:00	19.9227
19/03/2013 20:15	19.8027
19/03/2013 20:30	19.6587
19/03/2013 20:45	19.5333
19/03/2013 21:00	19.3947
19/03/2013 21:15	19.2573
19/03/2013 21:30	19.1207
19/03/2013 21:45	18.9867
19/03/2013 22:00	18.8833
19/03/2013 22:15	18.7667
19/03/2013 22:30	18.634
19/03/2013 22:45	18.526
19/03/2013 23:00	18.3987
19/03/2013 23:15	18.29
19/03/2013 23:30	18.17
19/03/2013 23:45	18.0567
20/03/2013 00:00	17.934
20/03/2013 00:15	17.8433
20/03/2013 00:30	17.7447
20/03/2013 00:45	17.6347
20/03/2013 01:00	17.5373
20/03/2013 01:15	17.4453
20/03/2013 01:30	17.3727
20/03/2013 01:45	17.286
20/03/2013 02:00	17.1733
20/03/2013 02:15	17.0687
20/03/2013 02:30	16.9553
20/03/2013 02:45	16.8433
20/03/2013 03:00	16.748
20/03/2013 03:15	16.646
20/03/2013 03:30	16.53
20/03/2013 03:45	16.4313
20/03/2013 04:00	16.3187
20/03/2013 04:15	16.2093
20/03/2013 04:30	16.1147
20/03/2013 04:45	16.0107
20/03/2013 05:00	15.908
20/03/2013 05:15	15.7487
20/03/2013 05:30	15.6333
20/03/2013 05:45	15.5013
20/03/2013 06:00	15.3813
20/03/2013 06:15	15.256
20/03/2013 06:30	15.9627
20/03/2013 06:45	16.008
20/03/2013 07:00	16.0433
20/03/2013 07:15	16.0927
20/03/2013 07:30	16.176
20/03/2013 07:45	16.268
20/03/2013 08:00	16.4
20/03/2013 08:15	16.5673
20/03/2013 08:30	16.7373
20/03/2013 08:45	16.9393
20/03/2013 09:00	17.1887
20/03/2013 09:15	17.3793
20/03/2013 09:30	17.5847
20/03/2013 09:45	17.8167
20/03/2013 10:00	18.0853
20/03/2013 10:15	18.3633
20/03/2013 10:30	18.6467
20/03/2013 10:45	18.9227
20/03/2013 11:00	19.2113
20/03/2013 11:15	19.4947
20/03/2013 11:30	19.7773
20/03/2013 11:45	20.062
20/03/2013 12:00	20.3267
20/03/2013 12:15	20.5987
20/03/2013 12:30	20.8373
20/03/2013 12:45	21.1013
20/03/2013 13:00	21.36
20/03/2013 13:15	21.6107
20/03/2013 13:30	21.852
20/03/2013 13:45	22.0733
20/03/2013 14:00	22.2907
20/03/2013 14:15	22.5027
20/03/2013 14:30	22.708
20/03/2013 14:45	22.8987
20/03/2013 15:00	23.0453
20/03/2013 15:15	23.1933
20/03/2013 15:30	23.304
20/03/2013 15:45	23.3893
20/03/2013 16:00	23.452
20/03/2013 16:15	23.508
20/03/2013 16:30	23.5187
20/03/2013 16:45	23.512
20/03/2013 17:00	23.464
20/03/2013 17:15	23.4067
20/03/2013 17:30	23.3707
20/03/2013 17:45	23.296
20/03/2013 18:00	23.2267
20/03/2013 18:15	23.18
20/03/2013 18:30	23.084
20/03/2013 18:45	22.992
20/03/2013 19:00	22.9053
20/03/2013 19:15	22.8307
20/03/2013 19:30	22.7347
20/03/2013 19:45	22.6467
20/03/2013 20:00	22.5413
20/03/2013 20:15	22.432
20/03/2013 20:30	22.3293
20/03/2013 20:45	22.216
20/03/2013 21:00	22.104
20/03/2013 21:15	21.9733
20/03/2013 21:30	21.84
20/03/2013 21:45	21.7053
20/03/2013 22:00	21.5613
20/03/2013 22:15	21.4453
20/03/2013 22:30	21.304
20/03/2013 22:45	21.1533
20/03/2013 23:00	21.0227
20/03/2013 23:15	20.88
20/03/2013 23:30	20.7573
20/03/2013 23:45	20.6387
21/03/2013 00:00	20.5133
21/03/2013 00:15	20.38
21/03/2013 00:30	20.246
21/03/2013 00:45	20.1253
21/03/2013 01:00	20.002
21/03/2013 01:15	19.88
21/03/2013 01:30	19.7573
21/03/2013 01:45	19.6347
21/03/2013 02:00	19.5233
21/03/2013 02:15	19.3947
21/03/2013 02:30	19.2787
21/03/2013 02:45	19.1787
21/03/2013 03:00	19.05
21/03/2013 03:15	18.936
21/03/2013 03:30	18.8333
21/03/2013 03:45	18.7053
21/03/2013 04:00	18.6073
21/03/2013 04:15	18.5047
21/03/2013 04:30	18.3767
21/03/2013 04:45	18.27
21/03/2013 05:00	18.136
21/03/2013 05:15	18.0247
21/03/2013 05:30	17.8973
21/03/2013 05:45	17.792
21/03/2013 06:00	17.674
21/03/2013 06:15	17.562
21/03/2013 06:30	17.472
21/03/2013 06:45	17.384
21/03/2013 07:00	17.3167
21/03/2013 07:15	17.2833
21/03/2013 07:30	17.2593
21/03/2013 07:45	17.262
21/03/2013 08:00	17.31
21/03/2013 08:15	17.3547
21/03/2013 08:30	17.454
21/03/2013 08:45	17.5773
21/03/2013 09:00	17.752
21/03/2013 09:15	17.968
21/03/2013 09:30	18.2227
21/03/2013 09:45	18.4813
21/03/2013 10:00	18.7493
21/03/2013 10:15	19.0393
21/03/2013 10:30	19.368
21/03/2013 10:45	19.7013
21/03/2013 11:00	20.0213
21/03/2013 11:15	20.354
21/03/2013 11:30	20.6787
21/03/2013 11:45	21.056
21/03/2013 12:00	21.428
21/03/2013 12:15	21.736
21/03/2013 12:30	22.0507
21/03/2013 12:45	22.3613
21/03/2013 13:00	22.6827
21/03/2013 13:15	22.9733
21/03/2013 13:30	23.2707
21/03/2013 13:45	23.5427
21/03/2013 14:00	23.8307
21/03/2013 14:15	24.0853
21/03/2013 14:30	24.3333
21/03/2013 14:45	24.5693
21/03/2013 15:00	24.776
21/03/2013 15:15	24.9787
21/03/2013 15:30	25.1347
21/03/2013 15:45	25.2653
21/03/2013 16:00	25.392
21/03/2013 16:15	25.4693
21/03/2013 16:30	25.5147
21/03/2013 16:45	25.54
21/03/2013 17:00	25.528
21/03/2013 17:15	25.5107
21/03/2013 17:30	25.4867
21/03/2013 17:45	25.432
21/03/2013 18:00	25.3613
21/03/2013 18:15	25.3
21/03/2013 18:30	25.2173
21/03/2013 18:45	25.1427
21/03/2013 19:00	25.072
21/03/2013 19:15	24.992
21/03/2013 19:30	24.916
21/03/2013 19:45	24.8373
21/03/2013 20:00	24.76
21/03/2013 20:15	24.6493
21/03/2013 20:30	24.56
21/03/2013 20:45	24.4853
21/03/2013 21:00	24.38
21/03/2013 21:15	24.2813
21/03/2013 21:30	24.1707
21/03/2013 21:45	24.0587
21/03/2013 22:00	23.9547
21/03/2013 22:15	23.8613
21/03/2013 22:30	23.74
21/03/2013 22:45	23.6227
21/03/2013 23:00	23.5173
21/03/2013 23:15	23.4027
21/03/2013 23:30	23.308
21/03/2013 23:45	23.1947
22/03/2013 00:00	23.0773
22/03/2013 00:15	22.9613
22/03/2013 00:30	22.8347
22/03/2013 00:45	22.7187
22/03/2013 01:00	22.5787
22/03/2013 01:15	22.4573
22/03/2013 01:30	22.32
22/03/2013 01:45	22.184
22/03/2013 02:00	22.0653
22/03/2013 02:15	21.916
22/03/2013 02:30	21.8053
22/03/2013 02:45	21.6867
22/03/2013 03:00	21.56
22/03/2013 03:15	21.4347
22/03/2013 03:30	21.304
22/03/2013 03:45	21.1867
22/03/2013 04:00	21.0693
22/03/2013 04:15	20.92
22/03/2013 04:30	20.7973
22/03/2013 04:45	20.6973
22/03/2013 05:00	20.5653
22/03/2013 05:15	20.4733
22/03/2013 05:30	20.3527
22/03/2013 05:45	20.2347
22/03/2013 06:00	20.136
22/03/2013 06:15	20.0267
22/03/2013 06:30	19.9367
22/03/2013 06:45	19.8533
22/03/2013 07:00	19.7747
22/03/2013 07:15	19.7373
22/03/2013 07:30	19.7207
22/03/2013 07:45	19.7433
22/03/2013 08:00	19.76
22/03/2013 08:15	19.8247
22/03/2013 08:30	19.9073
22/03/2013 08:45	20.0367
22/03/2013 09:00	20.1653
22/03/2013 09:15	20.338
22/03/2013 09:30	20.544
22/03/2013 09:45	20.7507
22/03/2013 10:00	20.984
22/03/2013 10:15	21.2213
22/03/2013 10:30	21.4533
22/03/2013 10:45	21.712
22/03/2013 11:00	21.944
22/03/2013 11:15	22.1933
22/03/2013 11:30	22.488
22/03/2013 11:45	22.7773
22/03/2013 12:00	22.9893
22/03/2013 12:15	23.1693
22/03/2013 12:30	23.3147
22/03/2013 12:45	23.4813
22/03/2013 13:00	23.628
22/03/2013 13:15	23.724
22/03/2013 13:30	23.8
22/03/2013 13:45	23.852
22/03/2013 14:00	23.912
22/03/2013 14:15	23.9667
22/03/2013 14:30	24.008
22/03/2013 14:45	24.0347
22/03/2013 15:00	24.0613
22/03/2013 15:15	24.0773
22/03/2013 15:30	24.0987
22/03/2013 15:45	24.0827
22/03/2013 16:00	24.0747
22/03/2013 16:15	24.0467
22/03/2013 16:30	24.032
22/03/2013 16:45	23.9787
22/03/2013 17:00	23.9373
22/03/2013 17:15	23.9
22/03/2013 17:30	23.8453
22/03/2013 17:45	23.7853
22/03/2013 18:00	23.736
22/03/2013 18:15	23.648
22/03/2013 18:30	23.5893
22/03/2013 18:45	23.508
22/03/2013 19:00	23.4173
22/03/2013 19:15	23.364
22/03/2013 19:30	23.276
22/03/2013 19:45	23.2053
22/03/2013 20:00	23.1173
22/03/2013 20:15	23.0107
22/03/2013 20:30	22.9213
22/03/2013 20:45	22.832
22/03/2013 21:00	22.7133
22/03/2013 21:15	22.62
22/03/2013 21:30	22.508
22/03/2013 21:45	22.4053
22/03/2013 22:00	22.2853
22/03/2013 22:15	22.1667
22/03/2013 22:30	22.0573
22/03/2013 22:45	21.9373
22/03/2013 23:00	21.832
22/03/2013 23:15	21.72
22/03/2013 23:30	21.576
22/03/2013 23:45	21.4413
23/03/2013 00:00	21.3093
23/03/2013 00:15	21.1667
23/03/2013 00:30	21.0347
23/03/2013 00:45	20.8773
23/03/2013 01:00	20.736
23/03/2013 01:15	20.616
23/03/2013 01:30	20.498
23/03/2013 01:45	20.3627
23/03/2013 02:00	20.2353
23/03/2013 02:15	20.0933
23/03/2013 02:30	19.972
23/03/2013 02:45	19.8267
23/03/2013 03:00	19.698
23/03/2013 03:15	19.5833
23/03/2013 03:30	19.4593
23/03/2013 03:45	19.3427
23/03/2013 04:00	19.242
23/03/2013 04:15	19.1147
23/03/2013 04:30	18.9913
23/03/2013 04:45	18.89
23/03/2013 05:00	18.7667
23/03/2013 05:15	18.6647
23/03/2013 05:30	18.5607
23/03/2013 05:45	18.4573
23/03/2013 06:00	18.3393
23/03/2013 06:15	18.238
23/03/2013 06:30	18.1567
23/03/2013 06:45	18.0727
23/03/2013 07:00	17.99
23/03/2013 07:15	17.9527
23/03/2013 07:30	17.9313
23/03/2013 07:45	17.9733
23/03/2013 08:00	18.01
23/03/2013 08:15	18.0873
23/03/2013 08:30	18.204
23/03/2013 08:45	18.346
23/03/2013 09:00	18.4893
23/03/2013 09:15	18.6927
23/03/2013 09:30	18.8993
23/03/2013 09:45	19.1253
23/03/2013 10:00	19.364
23/03/2013 10:15	19.6007
23/03/2013 10:30	19.8793
23/03/2013 10:45	20.132
23/03/2013 11:00	20.386
23/03/2013 11:15	20.652
23/03/2013 11:30	20.9027
23/03/2013 11:45	21.1853
23/03/2013 12:00	21.4533
23/03/2013 12:15	21.7173
23/03/2013 12:30	21.9627
23/03/2013 12:45	22.1787
23/03/2013 13:00	22.4333
23/03/2013 13:15	22.6347
23/03/2013 13:30	22.8507
23/03/2013 13:45	23.056
23/03/2013 14:00	23.256
23/03/2013 14:15	23.42
23/03/2013 14:30	23.5947
23/03/2013 14:45	23.748
23/03/2013 15:00	23.9027
23/03/2013 15:15	24.0373
23/03/2013 15:30	24.152
23/03/2013 15:45	24.224
23/03/2013 16:00	24.2533
23/03/2013 16:15	24.272
23/03/2013 16:30	24.284
23/03/2013 16:45	24.2733
23/03/2013 17:00	24.2507
23/03/2013 17:15	24.1973
23/03/2013 17:30	24.152
23/03/2013 17:45	24.0933
23/03/2013 18:00	24.016
23/03/2013 18:15	23.944
23/03/2013 18:30	23.856
23/03/2013 18:45	23.7467
23/03/2013 19:00	23.636
23/03/2013 19:15	23.5293
23/03/2013 19:30	23.4227
23/03/2013 19:45	23.3347
23/03/2013 20:00	23.2373
23/03/2013 20:15	23.1427
23/03/2013 20:30	23.0307
23/03/2013 20:45	22.928
23/03/2013 21:00	22.8213
23/03/2013 21:15	22.716
23/03/2013 21:30	22.5933
23/03/2013 21:45	22.4933
23/03/2013 22:00	22.372
23/03/2013 22:15	22.2533
23/03/2013 22:30	22.156
23/03/2013 22:45	22.0493
23/03/2013 23:00	21.9307
23/03/2013 23:15	21.8413
23/03/2013 23:30	21.732
23/03/2013 23:45	21.62
24/03/2013 00:00	21.5187
24/03/2013 00:15	21.4147
24/03/2013 00:30	21.3107
24/03/2013 00:45	21.188
24/03/2013 01:00	21.084
24/03/2013 01:15	20.992
24/03/2013 01:30	20.8867
24/03/2013 01:45	20.7893
24/03/2013 02:00	20.712
24/03/2013 02:15	20.632
24/03/2013 02:30	20.5627
24/03/2013 02:45	20.4947
24/03/2013 03:00	20.4067
24/03/2013 03:15	20.3433
24/03/2013 03:30	20.2587
24/03/2013 03:45	20.1833
24/03/2013 04:00	20.138
24/03/2013 04:15	20.08
24/03/2013 04:30	20.0267
24/03/2013 04:45	19.958
24/03/2013 05:00	19.89
24/03/2013 05:15	19.8393
24/03/2013 05:30	19.7713
24/03/2013 05:45	19.698
24/03/2013 06:00	19.6467
24/03/2013 06:15	19.5827
24/03/2013 06:30	19.5267
24/03/2013 06:45	19.476
24/03/2013 07:00	19.4147
24/03/2013 07:15	19.3933
24/03/2013 07:30	19.3633
24/03/2013 07:45	19.3633
24/03/2013 08:00	19.37
24/03/2013 08:15	19.3967
24/03/2013 08:30	19.4567
24/03/2013 08:45	19.568
24/03/2013 09:00	19.5787
24/03/2013 09:15	19.6567
24/03/2013 09:30	19.6593
24/03/2013 09:45	19.8713
24/03/2013 10:00	19.9707
24/03/2013 10:15	19.996
24/03/2013 10:30	20.1353
24/03/2013 10:45	20.2933
24/03/2013 11:00	20.3153
24/03/2013 11:15	20.412
24/03/2013 11:30	20.6547
24/03/2013 11:45	20.8867
24/03/2013 12:00	20.888
24/03/2013 12:15	20.9
24/03/2013 12:30	20.9253
24/03/2013 12:45	21.0867
24/03/2013 13:00	21.14
24/03/2013 13:15	21.1747
24/03/2013 13:30	21.208
24/03/2013 13:45	21.2147
24/03/2013 14:00	21.256
24/03/2013 14:15	21.2373
24/03/2013 14:30	21.232
24/03/2013 14:45	21.2293
24/03/2013 15:00	21.204
24/03/2013 15:15	21.128
24/03/2013 15:30	21.18
24/03/2013 15:45	21.14
24/03/2013 16:00	21.0773
24/03/2013 16:15	21.0413
24/03/2013 16:30	21.016
24/03/2013 16:45	21.1693
24/03/2013 17:00	21.304
24/03/2013 17:15	21.352
24/03/2013 17:30	21.3547
24/03/2013 17:45	21.348
24/03/2013 18:00	21.304
24/03/2013 18:15	21.268
24/03/2013 18:30	21.2267
24/03/2013 18:45	21.192
24/03/2013 19:00	21.144
24/03/2013 19:15	21.072
24/03/2013 19:30	21.0467
24/03/2013 19:45	20.988
24/03/2013 20:00	20.9227
24/03/2013 20:15	20.8867
24/03/2013 20:30	20.832
24/03/2013 20:45	20.7733
24/03/2013 21:00	20.7173
24/03/2013 21:15	20.6707
24/03/2013 21:30	20.624
24/03/2013 21:45	20.5667
24/03/2013 22:00	20.5147
24/03/2013 22:15	20.4767
24/03/2013 22:30	20.4133
24/03/2013 22:45	20.3767
24/03/2013 23:00	20.3267
24/03/2013 23:15	20.2667
24/03/2013 23:30	20.22
24/03/2013 23:45	20.1767
25/03/2013 00:00	20.1073
25/03/2013 00:15	20.0633
25/03/2013 00:30	19.9987
25/03/2013 00:45	19.9353
25/03/2013 01:00	19.8733
25/03/2013 01:15	19.8027
25/03/2013 01:30	19.7307
25/03/2013 01:45	19.6627
25/03/2013 02:00	19.5793
25/03/2013 02:15	19.5067
25/03/2013 02:30	19.4193
25/03/2013 02:45	19.3467
25/03/2013 03:00	19.2747
25/03/2013 03:15	19.1933
25/03/2013 03:30	19.118
25/03/2013 03:45	19.05
25/03/2013 04:00	18.9853
25/03/2013 04:15	18.9273
25/03/2013 04:30	18.8633
25/03/2013 04:45	18.83
25/03/2013 05:00	18.7787
25/03/2013 05:15	18.718
25/03/2013 05:30	18.668
25/03/2013 05:45	18.626
25/03/2013 06:00	18.5807
25/03/2013 06:15	18.544
25/03/2013 06:30	18.51
25/03/2013 06:45	18.496
25/03/2013 07:00	18.4687
25/03/2013 07:15	18.4653
25/03/2013 07:30	18.5033
25/03/2013 07:45	18.5033
25/03/2013 08:00	18.5273
25/03/2013 08:15	18.5733
25/03/2013 08:30	18.626
25/03/2013 08:45	18.668
25/03/2013 09:00	18.7513
25/03/2013 09:15	18.8467
25/03/2013 09:30	18.9807
25/03/2013 09:45	19.0887
25/03/2013 10:00	19.24
25/03/2013 10:15	19.466
25/03/2013 10:30	19.648
25/03/2013 10:45	19.894
25/03/2013 11:00	20.162
25/03/2013 11:15	20.34
25/03/2013 11:30	20.6133
25/03/2013 11:45	20.7787
25/03/2013 12:00	20.9173
25/03/2013 12:15	21.1187
25/03/2013 12:30	21.3427
25/03/2013 12:45	21.46
25/03/2013 13:00	21.5573
25/03/2013 13:15	21.6773
25/03/2013 13:30	21.804
25/03/2013 13:45	22.0013
25/03/2013 14:00	22.164
25/03/2013 14:15	22.184
25/03/2013 14:30	22.212
25/03/2013 14:45	22.2173
25/03/2013 15:00	22.2027
25/03/2013 15:15	22.164
25/03/2013 15:30	22.128
25/03/2013 15:45	22.0973
25/03/2013 16:00	22.0773
25/03/2013 16:15	22.0747
25/03/2013 16:30	22.104
25/03/2013 16:45	22.088
25/03/2013 17:00	22.0613
25/03/2013 17:15	22.024
25/03/2013 17:30	21.992
25/03/2013 17:45	21.988
25/03/2013 18:00	21.872
25/03/2013 18:15	21.84
25/03/2013 18:30	21.788
25/03/2013 18:45	21.704
25/03/2013 19:00	21.64
25/03/2013 19:15	21.564
25/03/2013 19:30	21.488
25/03/2013 19:45	21.4147
25/03/2013 20:00	21.312
25/03/2013 20:15	21.24
25/03/2013 20:30	21.152
25/03/2013 20:45	21.0573
25/03/2013 21:00	20.988
25/03/2013 21:15	20.8973
25/03/2013 21:30	20.844
25/03/2013 21:45	20.7507
25/03/2013 22:00	20.692
25/03/2013 22:15	20.632
25/03/2013 22:30	20.56
25/03/2013 22:45	20.4887
25/03/2013 23:00	20.4233
25/03/2013 23:15	20.3433
25/03/2013 23:30	20.2667
25/03/2013 23:45	20.2067
26/03/2013 00:00	20.1333
26/03/2013 00:15	20.0633
26/03/2013 00:30	20.006
26/03/2013 00:45	19.932
26/03/2013 01:00	19.8667
26/03/2013 01:15	19.814
26/03/2013 01:30	19.7413
26/03/2013 01:45	19.69
26/03/2013 02:00	19.6393
26/03/2013 02:15	19.5753
26/03/2013 02:30	19.5167
26/03/2013 02:45	19.4427
26/03/2013 03:00	19.3867
26/03/2013 03:15	19.3333
26/03/2013 03:30	19.2713
26/03/2013 03:45	19.2133
26/03/2013 04:00	19.1413
26/03/2013 04:15	19.0773
26/03/2013 04:30	19.0193
26/03/2013 04:45	18.982
26/03/2013 05:00	18.934
26/03/2013 05:15	18.8867
26/03/2013 05:30	18.8467
26/03/2013 05:45	18.8133
26/03/2013 06:00	18.76
26/03/2013 06:15	18.7133
26/03/2013 06:30	18.668
26/03/2013 06:45	18.6493
26/03/2013 07:00	18.6307
26/03/2013 07:15	18.6207
26/03/2013 07:30	18.6113
26/03/2013 07:45	18.616
26/03/2013 08:00	18.6207
26/03/2013 08:15	18.6407
26/03/2013 08:30	18.662
26/03/2013 08:45	18.7113
26/03/2013 09:00	18.748
26/03/2013 09:15	18.81
26/03/2013 09:30	18.86
26/03/2013 09:45	18.9067
26/03/2013 10:00	18.9347
26/03/2013 10:15	18.974
26/03/2013 10:30	18.9993
26/03/2013 10:45	19.0367
26/03/2013 11:00	19.132
26/03/2013 11:15	19.256
26/03/2013 11:30	19.4167
26/03/2013 11:45	19.598
26/03/2013 12:00	19.8307
26/03/2013 12:15	20.0547
26/03/2013 12:30	20.2293
26/03/2013 12:45	20.446
26/03/2013 13:00	20.6387
26/03/2013 13:15	20.744
26/03/2013 13:30	20.8587
26/03/2013 13:45	21.024
26/03/2013 14:00	21.1813
26/03/2013 14:15	21.2813
26/03/2013 14:30	21.3773
26/03/2013 14:45	21.448
26/03/2013 15:00	21.46
26/03/2013 15:15	21.448
26/03/2013 15:30	21.4147
26/03/2013 15:45	21.3693
26/03/2013 16:00	21.3
26/03/2013 16:15	21.228
26/03/2013 16:30	21.144
26/03/2013 16:45	21.0653
26/03/2013 17:00	20.988
26/03/2013 17:15	20.9013
26/03/2013 17:30	20.832
26/03/2013 17:45	20.7387
26/03/2013 18:00	20.664
26/03/2013 18:15	20.568
26/03/2013 18:30	20.4847
26/03/2013 18:45	20.4033
26/03/2013 19:00	20.2933
26/03/2013 19:15	20.21
26/03/2013 19:30	20.1367
26/03/2013 19:45	20.0567
26/03/2013 20:00	19.9807
26/03/2013 20:15	19.89
26/03/2013 20:30	19.8313
26/03/2013 20:45	19.752
26/03/2013 21:00	19.6787
26/03/2013 21:15	19.606
26/03/2013 21:30	19.5467
26/03/2013 21:45	19.4787
26/03/2013 22:00	19.4073
26/03/2013 22:15	19.3467
26/03/2013 22:30	19.294
26/03/2013 22:45	19.2233
26/03/2013 23:00	19.166
26/03/2013 23:15	19.0993
26/03/2013 23:30	19.06
26/03/2013 23:45	19.006
27/03/2013 00:00	18.966
27/03/2013 00:15	18.91
27/03/2013 00:30	18.8633
27/03/2013 00:45	18.8233
27/03/2013 01:00	18.7927
27/03/2013 01:15	18.7327
27/03/2013 01:30	18.6807
27/03/2013 01:45	18.6513
27/03/2013 02:00	18.6113
27/03/2013 02:15	18.5733
27/03/2013 02:30	18.538
27/03/2013 02:45	18.5133
27/03/2013 03:00	18.4687
27/03/2013 03:15	18.4273
27/03/2013 03:30	18.38
27/03/2013 03:45	18.3333
27/03/2013 04:00	18.302
27/03/2013 04:15	18.2467
27/03/2013 04:30	18.2
27/03/2013 04:45	18.17
27/03/2013 05:00	18.1267
27/03/2013 05:15	18.0767
27/03/2013 05:30	18.0373
27/03/2013 05:45	17.9833
27/03/2013 06:00	17.942
27/03/2013 06:15	17.904
27/03/2013 06:30	17.8667
27/03/2013 06:45	17.8433
27/03/2013 07:00	17.8167
27/03/2013 07:15	17.782
27/03/2013 07:30	17.772
27/03/2013 07:45	17.772
27/03/2013 08:00	17.806
27/03/2013 08:15	17.8533
27/03/2013 08:30	17.922
27/03/2013 08:45	18.0607
27/03/2013 09:00	18.218
27/03/2013 09:15	18.4067
27/03/2013 09:30	18.614
27/03/2013 09:45	18.812
27/03/2013 10:00	19.0213
27/03/2013 10:15	19.1687
27/03/2013 10:30	19.3413
27/03/2013 10:45	19.5873
27/03/2013 11:00	19.8653
27/03/2013 11:15	20.1107
27/03/2013 11:30	20.3307
27/03/2013 11:45	20.5453
27/03/2013 12:00	20.7187
27/03/2013 12:15	20.912
27/03/2013 12:30	21.076
27/03/2013 12:45	21.2973
27/03/2013 13:00	21.492
27/03/2013 13:15	21.5693
27/03/2013 13:30	21.636
27/03/2013 13:45	21.7187
27/03/2013 14:00	21.768
27/03/2013 14:15	21.792
27/03/2013 14:30	21.8493
27/03/2013 14:45	21.8907
27/03/2013 15:00	21.976
27/03/2013 15:15	22.0373
27/03/2013 15:30	22.0813
27/03/2013 15:45	22.128
27/03/2013 16:00	22.128
27/03/2013 16:15	22.124
27/03/2013 16:30	22.1093
27/03/2013 16:45	22.064
27/03/2013 17:00	22.032
27/03/2013 17:15	21.98
27/03/2013 17:30	21.9373
27/03/2013 17:45	21.8747
27/03/2013 18:00	21.816
27/03/2013 18:15	21.728
27/03/2013 18:30	21.6053
27/03/2013 18:45	21.5267
27/03/2013 19:00	21.408
27/03/2013 19:15	21.2933
27/03/2013 19:30	21.184
27/03/2013 19:45	21.0787
27/03/2013 20:00	20.976
27/03/2013 20:15	20.8853
27/03/2013 20:30	20.7747
27/03/2013 20:45	20.688
27/03/2013 21:00	20.5853
27/03/2013 21:15	20.47
27/03/2013 21:30	20.3067
27/03/2013 21:45	20.168
27/03/2013 22:00	20.03
27/03/2013 22:15	19.8867
27/03/2013 22:30	19.7693
27/03/2013 22:45	19.6487
27/03/2013 23:00	19.534
27/03/2013 23:15	19.406
27/03/2013 23:30	19.3107
27/03/2013 23:45	19.1967
28/03/2013 00:00	19.0887
28/03/2013 00:15	18.988
28/03/2013 00:30	18.9073
28/03/2013 00:45	18.82
28/03/2013 01:00	18.72
28/03/2013 01:15	18.634
28/03/2013 01:30	18.554
28/03/2013 01:45	18.486
28/03/2013 02:00	18.3907
28/03/2013 02:15	18.3127
28/03/2013 02:30	18.21
28/03/2013 02:45	18.13
28/03/2013 03:00	18.0353
28/03/2013 03:15	17.956
28/03/2013 03:30	17.8567
28/03/2013 03:45	17.7927
28/03/2013 04:00	17.7053
28/03/2013 04:15	17.6
28/03/2013 04:30	17.5273
28/03/2013 04:45	17.4493
28/03/2013 05:00	17.3813
28/03/2013 05:15	17.3167
28/03/2013 05:30	17.2393
28/03/2013 05:45	17.1533
28/03/2013 06:00	17.0647
28/03/2013 06:15	17.0067
28/03/2013 06:30	16.9593
28/03/2013 06:45	16.924
28/03/2013 07:00	16.874
28/03/2013 07:15	16.84
28/03/2013 07:30	16.7893
28/03/2013 07:45	16.7107
28/03/2013 08:00	16.6467
28/03/2013 08:15	16.5767
28/03/2013 08:30	16.5067
28/03/2013 08:45	16.4547
28/03/2013 09:00	16.4367
28/03/2013 09:15	16.3753
28/03/2013 09:30	16.354
28/03/2013 09:45	16.446
28/03/2013 10:00	16.5233
28/03/2013 10:15	16.55
28/03/2013 10:30	16.5533
28/03/2013 10:45	16.648
28/03/2013 11:00	16.8367
28/03/2013 11:15	17.0127
28/03/2013 11:30	17.224
28/03/2013 11:45	17.4173
28/03/2013 12:00	17.6373
28/03/2013 12:15	17.8547
28/03/2013 12:30	18.0793
28/03/2013 12:45	18.282
28/03/2013 13:00	18.5073
28/03/2013 13:15	18.7173
28/03/2013 13:30	18.934
28/03/2013 13:45	19.118
28/03/2013 14:00	19.324
28/03/2013 14:15	19.5167
28/03/2013 14:30	19.6867
28/03/2013 14:45	19.8447
28/03/2013 15:00	19.9973
28/03/2013 15:15	20.1287
28/03/2013 15:30	20.2307
28/03/2013 15:45	20.3187
28/03/2013 16:00	20.38
28/03/2013 16:15	20.4033
28/03/2013 16:30	20.41
28/03/2013 16:45	20.3967
28/03/2013 17:00	20.36
28/03/2013 17:15	20.316
28/03/2013 17:30	20.2667
28/03/2013 17:45	20.2133
28/03/2013 18:00	20.1413
28/03/2013 18:15	20.0667
28/03/2013 18:30	20.006
28/03/2013 18:45	19.9173
28/03/2013 19:00	19.8527
28/03/2013 19:15	19.7653
28/03/2013 19:30	19.684
28/03/2013 19:45	19.598
28/03/2013 20:00	19.5
28/03/2013 20:15	19.4193
28/03/2013 20:30	19.3333
28/03/2013 20:45	19.2493
28/03/2013 21:00	19.1473
28/03/2013 21:15	19.04
28/03/2013 21:30	18.94
28/03/2013 21:45	18.85
28/03/2013 22:00	18.7487
28/03/2013 22:15	18.6527
28/03/2013 22:30	18.55
28/03/2013 22:45	18.4487
28/03/2013 23:00	18.336
28/03/2013 23:15	18.224
28/03/2013 23:30	18.1153
28/03/2013 23:45	17.9967